"","Income","Limit","Rating","Cards","Age","Education","GenderFemale","StudentYes","MarriedYes","EthnicityAsian","EthnicityCaucasian"
"124",-0.947980536966002,-1.4884332879972,-1.53783369559735,0.0309930571136823,1.23668052019824,0.175988356042846,0.964383861273123,-0.33291640592397,-1.2556645843485,-0.584316844269138,-0.993767893859362
"103",0.66660801571826,1.23316931859217,1.13789611014066,-0.698255345561197,0.0192755782475528,0.815946014380469,-1.03433916727221,2.99624765331573,-1.2556645843485,-0.584316844269138,1.00375551088307
"220",-0.177756112905427,0.210727078612714,0.0973345190203246,0.760241459788561,1.17870885629583,-0.143990473125965,0.964383861273123,-0.33291640592397,-1.2556645843485,-0.584316844269138,1.00375551088307
"23",-0.712623151068173,-0.911793194178285,-0.917374610208822,0.0309930571136823,0.309133897759622,-1.1039269606324,-1.03433916727221,-0.33291640592397,0.794400043159256,-0.584316844269138,-0.993767893859362
"186",-0.419894742351126,-0.12719874646524,-0.25167371651072,-1.42750374823608,-1.48798768321521,0.175988356042846,0.964383861273123,-0.33291640592397,-1.2556645843485,-0.584316844269138,-0.993767893859362
"192",2.2435166879357,2.09011455193087,2.23662574051617,0.0309930571136823,-0.212611077362103,1.13592484354928,0.964383861273123,2.99624765331573,-1.2556645843485,1.70712176070787,-0.993767893859362
"321",-0.821123047834092,-1.54908664121632,-1.47966565634217,0.0309930571136823,1.29465218410066,-0.143990473125965,-1.03433916727221,2.99624765331573,0.794400043159256,-0.584316844269138,-0.993767893859362
"146",-0.728909484944647,-0.0271207136536924,-0.0900958296907918,-0.698255345561197,-0.270582741264517,0.175988356042846,-1.03433916727221,-0.33291640592397,-1.2556645843485,1.70712176070787,-0.993767893859362
"215",-0.292526531947829,0.239754040510436,0.355859137932209,-0.698255345561197,0.367105561662036,0.815946014380469,0.964383861273123,-0.33291640592397,0.794400043159256,-0.584316844269138,1.00375551088307
"67",1.94670250904755,2.15250085809911,2.19138393220659,0.760241459788561,-1.0242143719959,-0.143990473125965,0.964383861273123,-0.33291640592397,0.794400043159256,1.70712176070787,-0.993767893859362
"244",0.367325350685072,0.815094419617517,0.679014911572065,-1.42750374823608,0.0192755782475528,-0.463969302294776,0.964383861273123,-0.33291640592397,0.794400043159256,-0.584316844269138,1.00375551088307
"344",-0.978425199421502,-0.428732559611723,-0.484345873531416,-0.698255345561197,-0.676384388581414,1.13592484354928,0.964383861273123,-0.33291640592397,0.794400043159256,-0.584316844269138,1.00375551088307
"109",1.78091670967431,0.56208328904633,0.607920641371297,0.760241459788561,0.483048889466864,0.175988356042846,-1.03433916727221,-0.33291640592397,0.794400043159256,-0.584316844269138,1.00375551088307
"155",0.279112437754831,-0.684776357843865,-0.775186069807286,-0.698255345561197,-1.43001601931279,0.815946014380469,-1.03433916727221,-0.33291640592397,0.794400043159256,-0.584316844269138,-0.993767893859362
"295",-0.0653690597961688,-0.954683779668949,-0.969079533991199,0.760241459788561,-0.792327716386242,-0.143990473125965,-1.03433916727221,-0.33291640592397,0.794400043159256,1.70712176070787,-0.993767893859362
"258",-0.839565760411981,-0.971580070922846,-1.09187872797434,-1.42750374823608,0.251162233857208,0.175988356042846,-1.03433916727221,-0.33291640592397,0.794400043159256,1.70712176070787,-0.993767893859362
"79",1.86552620030087,0.834590140295091,0.730719835354442,0.0309930571136823,-0.618412724679,-0.783948131463587,0.964383861273123,-0.33291640592397,0.794400043159256,-0.584316844269138,1.00375551088307
"137",0.267961689996199,-0.268434411818334,-0.264599947456314,-0.698255345561197,0.830878872881347,-1.74388461897002,0.964383861273123,-0.33291640592397,-1.2556645843485,-0.584316844269138,-0.993767893859362
"138",-0.251498589813017,-0.486353245169887,-0.49727210447701,0.760241459788561,-1.19812936370314,-1.42390578980121,-1.03433916727221,-0.33291640592397,0.794400043159256,1.70712176070787,-0.993767893859362
"264",-0.439614258107484,-0.519712589440403,-0.548977028259387,-0.698255345561197,-0.212611077362103,0.495967185211658,0.964383861273123,-0.33291640592397,-1.2556645843485,-0.584316844269138,-0.993767893859362
"204",0.652222699907507,0.887445205243181,0.931076415011152,1.48948986246344,-0.908271044191069,0.815946014380469,0.964383861273123,2.99624765331573,-1.2556645843485,-0.584316844269138,-0.993767893859362
"270",-0.174890399104863,0.359327793999558,0.355859137932209,0.760241459788561,-0.444497732971758,1.45590367271809,0.964383861273123,-0.33291640592397,0.794400043159256,-0.584316844269138,1.00375551088307
"380",0.229515727622292,-0.812581637841296,-0.910911494736025,-1.42750374823608,1.64248216751514,-1.1039269606324,-1.03433916727221,-0.33291640592397,0.794400043159256,-0.584316844269138,1.00375551088307
"283",0.519662156578435,1.45758672550291,1.46105188378052,-0.698255345561197,-0.32855440516693,1.13592484354928,0.964383861273123,-0.33291640592397,0.794400043159256,-0.584316844269138,1.00375551088307
"158",0.31316052251401,0.340265311559263,0.330006676041021,-0.698255345561197,0.946822200686175,0.815946014380469,0.964383861273123,2.99624765331573,0.794400043159256,-0.584316844269138,1.00375551088307
"65",-0.370411525834452,-0.77922229357078,-0.852743455480851,-0.698255345561197,1.35262384800307,0.495967185211658,0.964383861273123,-0.33291640592397,0.794400043159256,-0.584316844269138,-0.993767893859362
"289",-0.808865737320787,0.233255466951244,0.207207482057876,0.0309930571136823,-0.792327716386242,0.815946014380469,0.964383861273123,-0.33291640592397,0.794400043159256,1.70712176070787,-0.993767893859362
"329",-0.114256434829557,-0.460358950933121,-0.374472910493865,0.0309930571136823,-0.096667749557275,0.815946014380469,0.964383861273123,-0.33291640592397,0.794400043159256,-0.584316844269138,1.00375551088307
"205",0.343832172201238,0.248852043493304,0.239523059421861,-0.698255345561197,-0.618412724679,-2.06386344813883,0.964383861273123,-0.33291640592397,-1.2556645843485,-0.584316844269138,1.00375551088307
"104",2.86469562096296,2.08144978718529,2.11382654653302,2.21873826513832,0.598992217271692,0.495967185211658,-1.03433916727221,-0.33291640592397,-1.2556645843485,-0.584316844269138,1.00375551088307
"181",-0.9812625398181,-0.49891715405099,-0.393862256912256,1.48948986246344,0.772907208978933,0.815946014380469,-1.03433916727221,-0.33291640592397,0.794400043159256,1.70712176070787,-0.993767893859362
"343",-0.868903860112807,-0.771424005299751,-0.613608182987358,1.48948986246344,-1.08218603589831,-1.42390578980121,-1.03433916727221,-0.33291640592397,0.794400043159256,-0.584316844269138,-0.993767893859362
"129",2.21539864460541,1.57716047899203,1.64848223249163,-0.698255345561197,1.93234048702721,1.13592484354928,-1.03433916727221,2.99624765331573,-1.2556645843485,-0.584316844269138,-0.993767893859362
"351",-0.431754825208907,-1.37535810806727,-1.29223530763106,0.760241459788561,0.830878872881347,-0.143990473125965,0.964383861273123,-0.33291640592397,0.794400043159256,-0.584316844269138,1.00375551088307
"255",-0.247157459006222,0.715016386805969,0.737182950827239,0.760241459788561,1.35262384800307,-2.38384227730764,0.964383861273123,-0.33291640592397,0.794400043159256,-0.584316844269138,1.00375551088307
"325",-0.402615339335843,-0.811281923129458,-0.852743455480851,-0.698255345561197,0.598992217271692,1.13592484354928,-1.03433916727221,2.99624765331573,0.794400043159256,1.70712176070787,-0.993767893859362
"66",-0.942532843404533,-0.249371929378039,-0.225821254619531,0.760241459788561,-1.60393101102004,0.175988356042846,0.964383861273123,-0.33291640592397,0.794400043159256,-0.584316844269138,1.00375551088307
"229",0.679432794310885,-0.0292869048400895,-0.0900958296907918,-0.698255345561197,-1.25610102760555,-0.783948131463587,0.964383861273123,-0.33291640592397,-1.2556645843485,-0.584316844269138,-0.993767893859362
"359",-0.428662124176615,-0.17312199961686,-0.103022060636386,-1.42750374823608,1.4685671758079,1.45590367271809,-1.03433916727221,-0.33291640592397,0.794400043159256,-0.584316844269138,1.00375551088307
"48",-0.0162546975310522,-0.131964367075314,-0.225821254619531,-0.698255345561197,-0.386526069069344,0.495967185211658,-1.03433916727221,2.99624765331573,0.794400043159256,-0.584316844269138,1.00375551088307
"120",-0.630084918931128,-1.44077708189647,-1.4085713861414,0.0309930571136823,1.4685671758079,0.815946014380469,-1.03433916727221,-0.33291640592397,-1.2556645843485,-0.584316844269138,1.00375551088307
"311",-0.327000217766498,0.067325222073223,0.0908714035475274,-1.42750374823608,-0.212611077362103,0.815946014380469,-1.03433916727221,2.99624765331573,-1.2556645843485,-0.584316844269138,-0.993767893859362
"279",2.34991695280813,0.973226376224508,1.0538756089943,-0.698255345561197,1.29465218410066,-0.783948131463587,0.964383861273123,-0.33291640592397,0.794400043159256,-0.584316844269138,1.00375551088307
"296",-0.509214218036041,-1.44987508487934,-1.33101400046784,1.48948986246344,0.656963881174105,-1.1039269606324,0.964383861273123,-0.33291640592397,0.794400043159256,-0.584316844269138,1.00375551088307
"392",0.797522901617306,0.788233648906192,0.75657229724563,-0.698255345561197,-0.734356052483828,0.495967185211658,0.964383861273123,-0.33291640592397,-1.2556645843485,-0.584316844269138,1.00375551088307
"175",2.17383160779524,2.57230871002288,2.55331839868323,0.0309930571136823,-0.096667749557275,0.815946014380469,-1.03433916727221,-0.33291640592397,-1.2556645843485,-0.584316844269138,-0.993767893859362
"277",-0.627417818958326,-0.545706883677168,-0.632997529405749,-0.698255345561197,-0.32855440516693,0.495967185211658,0.964383861273123,-0.33291640592397,-1.2556645843485,-0.584316844269138,1.00375551088307
"313",-0.493523725642852,0.212893269799111,0.200744366585078,2.21873826513832,0.42507722556445,-0.783948131463587,-1.03433916727221,-0.33291640592397,0.794400043159256,-0.584316844269138,1.00375551088307
"74",-0.602364103256363,-0.0921064492456067,-0.109485176109183,0.760241459788561,-1.43001601931279,0.495967185211658,-1.03433916727221,-0.33291640592397,-1.2556645843485,-0.584316844269138,1.00375551088307
"108",-0.173329861886734,-0.670046257776364,-0.594218836568967,0.0309930571136823,0.946822200686175,-0.463969302294776,-1.03433916727221,-0.33291640592397,-1.2556645843485,1.70712176070787,-0.993767893859362
"116",-0.135536487804045,0.040031213124619,0.0908714035475274,1.48948986246344,1.4685671758079,-1.74388461897002,0.964383861273123,-0.33291640592397,-1.2556645843485,-0.584316844269138,-0.993767893859362
"70",0.121526552127761,0.902608543547961,0.969855107847935,0.760241459788561,-0.0386960856548611,0.175988356042846,-1.03433916727221,-0.33291640592397,0.794400043159256,-0.584316844269138,1.00375551088307
"83",-0.611358472313579,-0.131097890600755,-0.0707064832724004,0.0309930571136823,0.42507722556445,-0.783948131463587,-1.03433916727221,-0.33291640592397,-1.2556645843485,-0.584316844269138,1.00375551088307
"96",-0.883402669539424,-1.68122430358655,-1.51844434917895,1.48948986246344,-0.560441060776586,1.13592484354928,0.964383861273123,-0.33291640592397,0.794400043159256,-0.584316844269138,-0.993767893859362
"372",-0.173159621462938,-1.12018078630969,-1.17589922912071,0.760241459788561,1.12073719239342,0.495967185211658,-1.03433916727221,-0.33291640592397,-1.2556645843485,-0.584316844269138,1.00375551088307
"88",-0.949881555031723,-1.06775895959888,-1.11773118986553,0.760241459788561,0.193190569954794,-0.463969302294776,0.964383861273123,-0.33291640592397,-1.2556645843485,1.70712176070787,-0.993767893859362
"43",-0.0301009186664518,0.0118707277014562,-0.0254646749628206,-0.698255345561197,0.598992217271692,-0.143990473125965,0.964383861273123,-0.33291640592397,0.794400043159256,1.70712176070787,-0.993767893859362
"384",-0.8775010015145,-0.633221007607613,-0.471419642585822,4.40648347316296,0.483048889466864,-1.42390578980121,-1.03433916727221,-0.33291640592397,0.794400043159256,-0.584316844269138,1.00375551088307
"346",-0.431471091169247,-1.39702001993125,-1.4085713861414,-0.698255345561197,-1.31407269150797,1.13592484354928,-1.03433916727221,-0.33291640592397,0.794400043159256,-0.584316844269138,1.00375551088307
"73",-0.632156177420645,0.0811888456661647,0.000387786928367842,-1.42750374823608,-0.502469396874172,1.45590367271809,0.964383861273123,-0.33291640592397,0.794400043159256,1.70712176070787,-0.993767893859362
"376",-0.687909916213802,0.406117523625736,0.3752484843506,1.48948986246344,-0.676384388581414,0.815946014380469,0.964383861273123,-0.33291640592397,0.794400043159256,-0.584316844269138,1.00375551088307
"398",0.359011943323039,-0.244606308767965,-0.219358139146734,1.48948986246344,0.656963881174105,-0.463969302294776,0.964383861273123,-0.33291640592397,0.794400043159256,-0.584316844269138,1.00375551088307
"365",2.36776382390274,2.20448944657264,2.13321589295142,0.0309930571136823,0.656963881174105,0.815946014380469,-1.03433916727221,-0.33291640592397,0.794400043159256,1.70712176070787,-0.993767893859362
"228",0.617692267280906,0.38055646762625,0.485121447388151,0.0309930571136823,-0.502469396874172,0.175988356042846,0.964383861273123,-0.33291640592397,0.794400043159256,-0.584316844269138,1.00375551088307
"150",-0.901561648077653,-1.66779391823089,-1.51198123370616,1.48948986246344,-0.676384388581414,-1.1039269606324,-1.03433916727221,-0.33291640592397,0.794400043159256,1.70712176070787,-0.993767893859362
"360",-0.933027753075929,-0.114634837584137,-0.0707064832724004,0.0309930571136823,1.35262384800307,-0.463969302294776,-1.03433916727221,-0.33291640592397,0.794400043159256,-0.584316844269138,-0.993767893859362
"153",-0.107815672129279,-1.13317793342807,-1.10480495891994,0.760241459788561,-1.83581766662969,-0.783948131463587,0.964383861273123,2.99624765331573,-1.2556645843485,-0.584316844269138,1.00375551088307
"149",-0.852191925176843,-1.00320646224424,-1.05310003513756,-0.698255345561197,0.772907208978933,-0.783948131463587,0.964383861273123,-0.33291640592397,0.794400043159256,-0.584316844269138,1.00375551088307
"82",0.234395953104442,-0.204748390938258,-0.245210601037922,-1.42750374823608,1.58451050361273,0.495967185211658,-1.03433916727221,-0.33291640592397,-1.2556645843485,-0.584316844269138,1.00375551088307
"230",0.70150730259642,1.22147188618562,1.24130595770541,0.0309930571136823,1.17870885629583,-1.42390578980121,-1.03433916727221,-0.33291640592397,0.794400043159256,1.70712176070787,-0.993767893859362
"383",-0.578672310944767,0.329001117389998,0.349396022459412,-1.42750374823608,-1.31407269150797,-1.42390578980121,-1.03433916727221,2.99624765331573,-1.2556645843485,-0.584316844269138,1.00375551088307
"367",0.449721715802287,1.35837516916592,1.35117892074296,0.0309930571136823,0.0192755782475528,0.175988356042846,-1.03433916727221,-0.33291640592397,0.794400043159256,-0.584316844269138,1.00375551088307
"188",-0.620069107331136,-1.10761687742859,-1.21467792195749,-0.698255345561197,1.12073719239342,0.495967185211658,-1.03433916727221,-0.33291640592397,-1.2556645843485,1.70712176070787,-0.993767893859362
"317",0.197482154544698,1.11359556510304,1.07972807088549,-0.698255345561197,0.0772472421499667,0.175988356042846,-1.03433916727221,-0.33291640592397,-1.2556645843485,1.70712176070787,-0.993767893859362
"216",-0.118994793291877,-0.219478491005759,-0.11594829158198,0.0309930571136823,1.35262384800307,1.7758825018869,0.964383861273123,-0.33291640592397,0.794400043159256,-0.584316844269138,1.00375551088307
"378",-0.484472609777704,-1.3727586786436,-1.37625580877742,0.0309930571136823,-0.270582741264517,-1.1039269606324,-1.03433916727221,-0.33291640592397,0.794400043159256,-0.584316844269138,1.00375551088307
"278",-0.104609477481123,0.114548189936681,-0.0125384440172264,-0.698255345561197,-0.32855440516693,-0.463969302294776,-1.03433916727221,-0.33291640592397,0.794400043159256,-0.584316844269138,1.00375551088307
"251",-0.988980105696847,-0.99887407987145,-1.05956315061036,-0.698255345561197,-0.502469396874172,1.45590367271809,0.964383861273123,-0.33291640592397,0.794400043159256,1.70712176070787,-0.993767893859362
"269",-0.545645668728363,-1.46720461437051,-1.37625580877742,0.760241459788561,1.52653883971031,-0.463969302294776,-1.03433916727221,-0.33291640592397,-1.2556645843485,-0.584316844269138,1.00375551088307
"30",-0.522237610456427,0.379256752914412,0.362322253405006,0.760241459788561,-0.0386960856548611,0.815946014380469,0.964383861273123,-0.33291640592397,-1.2556645843485,-0.584316844269138,1.00375551088307
"148",-0.606109392579873,-1.40135240230404,-1.32455088499504,0.0309930571136823,0.0192755782475528,0.815946014380469,-1.03433916727221,-0.33291640592397,0.794400043159256,-0.584316844269138,1.00375551088307
"395",0.129811586085828,0.442942773794488,0.355859137932209,0.760241459788561,-0.908271044191069,-1.74388461897002,-1.03433916727221,-0.33291640592397,-1.2556645843485,-0.584316844269138,1.00375551088307
"293",0.179124562178707,0.156139060715506,0.161965673748296,-0.698255345561197,-1.43001601931279,0.495967185211658,-1.03433916727221,-0.33291640592397,0.794400043159256,-0.584316844269138,1.00375551088307
"312",-0.619785373291476,0.300407393729556,0.26537552131305,0.0309930571136823,0.0772472421499667,0.495967185211658,0.964383861273123,-0.33291640592397,0.794400043159256,-0.584316844269138,1.00375551088307
"12",-0.856135828328115,-1.48366766738713,-1.40210827066861,0.0309930571136823,0.483048889466864,0.815946014380469,-1.03433916727221,-0.33291640592397,-1.2556645843485,-0.584316844269138,1.00375551088307
"183",0.389002631315083,0.729746486873469,0.672551796099268,-0.698255345561197,0.598992217271692,-1.42390578980121,0.964383861273123,-0.33291640592397,0.794400043159256,-0.584316844269138,-0.993767893859362
"231",-0.34061945167017,0.173901828443962,0.207207482057876,0.0309930571136823,0.193190569954794,-1.42390578980121,-1.03433916727221,-0.33291640592397,-1.2556645843485,-0.584316844269138,-0.993767893859362
"78",-0.688988105564509,-0.641885772353201,-0.658849991296938,-1.42750374823608,-1.48798768321521,0.495967185211658,0.964383861273123,-0.33291640592397,-1.2556645843485,1.70712176070787,-0.993767893859362
"94",-0.815448367040895,0.303006823153232,0.213670597530673,-0.698255345561197,-1.71987433882486,0.815946014380469,-1.03433916727221,-0.33291640592397,-1.2556645843485,-0.584316844269138,-0.993767893859362
"363",-0.540708696438282,0.158305251901903,0.17489190469389,0.0309930571136823,0.367105561662036,1.7758825018869,0.964383861273123,-0.33291640592397,-1.2556645843485,-0.584316844269138,-0.993767893859362
"282",-0.257542124857771,-1.24928578101896,-1.11126807439274,0.0309930571136823,-1.31407269150797,-0.143990473125965,0.964383861273123,-0.33291640592397,-1.2556645843485,-0.584316844269138,-0.993767893859362
"375",-0.448835614396429,0.0452300719719722,0.0844082880747303,0.0309930571136823,1.17870885629583,1.45590367271809,0.964383861273123,-0.33291640592397,0.794400043159256,-0.584316844269138,1.00375551088307
"111",-0.303081438223174,-0.634520722319451,-0.678239337715329,0.0309930571136823,0.0772472421499667,1.13592484354928,0.964383861273123,-0.33291640592397,0.794400043159256,1.70712176070787,-0.993767893859362
"382",1.60505835189315,1.42682681065607,1.41581007547094,-0.698255345561197,1.64248216751514,-0.783948131463587,-1.03433916727221,-0.33291640592397,0.794400043159256,-0.584316844269138,1.00375551088307
"324",3.90160166889981,3.97600059880823,4.05276118837216,0.760241459788561,2.45408546214894,1.13592484354928,-1.03433916727221,-0.33291640592397,0.794400043159256,-0.584316844269138,1.00375551088307
"119",-0.515825221160115,-1.11541516569962,-1.17589922912071,0.0309930571136823,-0.908271044191069,1.13592484354928,0.964383861273123,-0.33291640592397,-1.2556645843485,-0.584316844269138,1.00375551088307
"340",2.95358949558839,2.4011796062975,2.27540443335295,-1.42750374823608,1.41059551190549,0.815946014380469,-1.03433916727221,-0.33291640592397,-1.2556645843485,-0.584316844269138,-0.993767893859362
"38",-0.431612958189077,0.756174019347514,0.691941142517659,-0.698255345561197,0.772907208978933,-1.42390578980121,0.964383861273123,-0.33291640592397,0.794400043159256,-0.584316844269138,1.00375551088307
"10",0.733228768230389,0.902608543547961,0.879371491228775,0.0309930571136823,-0.850299380288655,1.7758825018869,0.964383861273123,2.99624765331573,0.794400043159256,-0.584316844269138,-0.993767893859362
"233",-0.836387939167791,0.0227016836334419,0.0327033642923534,-1.42750374823608,-0.966242708093483,0.175988356042846,-1.03433916727221,-0.33291640592397,0.794400043159256,1.70712176070787,-0.993767893859362
"99",-0.253200994050976,-0.767958099401515,-0.736407376970503,-0.698255345561197,0.714935545076519,0.175988356042846,0.964383861273123,2.99624765331573,-1.2556645843485,-0.584316844269138,-0.993767893859362
"117",-0.284922459684945,-1.13447764813991,-1.09187872797434,0.0309930571136823,0.367105561662036,0.815946014380469,0.964383861273123,-0.33291640592397,-1.2556645843485,-0.584316844269138,1.00375551088307
"13",1.00433664312536,0.247985567018745,0.252449290367455,-1.42750374823608,0.0772472421499667,-2.06386344813883,0.964383861273123,-0.33291640592397,0.794400043159256,1.70712176070787,-0.993767893859362
"373",-0.721731013741253,-0.413135983069663,-0.400325372385053,-0.698255345561197,-0.560441060776586,0.815946014380469,0.964383861273123,2.99624765331573,-1.2556645843485,-0.584316844269138,1.00375551088307
"170",-0.507568560606014,0.625336071689127,0.672551796099268,0.760241459788561,-1.14015769980072,-0.463969302294776,0.964383861273123,-0.33291640592397,0.794400043159256,-0.584316844269138,1.00375551088307
"203",-0.686094018359979,-1.42431402887985,-1.35686646235903,-0.698255345561197,0.135218906052381,-0.143990473125965,0.964383861273123,-0.33291640592397,0.794400043159256,-0.584316844269138,1.00375551088307
"286",-0.74485533797353,-1.34719762264411,-1.28577219215826,-0.698255345561197,-0.850299380288655,-0.783948131463587,0.964383861273123,-0.33291640592397,0.794400043159256,1.70712176070787,-0.993767893859362
"206",-0.976779541991474,-0.371545112290838,-0.219358139146734,3.67723507048808,-1.54595934711762,-0.143990473125965,-1.03433916727221,-0.33291640592397,-1.2556645843485,-0.584316844269138,1.00375551088307
"4",2.94246712123372,2.06585321064323,2.10736343106023,0.0309930571136823,-1.14015769980072,-0.783948131463587,0.964383861273123,-0.33291640592397,-1.2556645843485,1.70712176070787,-0.993767893859362
"156",-0.728682497712919,-1.46157251728588,-1.36979269330462,0.760241459788561,-1.25610102760555,-1.42390578980121,0.964383861273123,-0.33291640592397,0.794400043159256,1.70712176070787,-0.993767893859362
"243",-0.689498826835897,-1.51746024989493,-1.46673942539658,0.0309930571136823,-0.502469396874172,1.45590367271809,0.964383861273123,2.99624765331573,0.794400043159256,1.70712176070787,-0.993767893859362
"234",-0.953797084779028,-1.06472629193792,-1.08541561250155,0.0309930571136823,0.888850536783761,-0.783948131463587,-1.03433916727221,-0.33291640592397,0.794400043159256,-0.584316844269138,1.00375551088307
"24",0.533650244733664,0.192097834409698,0.278301752258644,1.48948986246344,-0.444497732971758,-1.74388461897002,-1.03433916727221,-0.33291640592397,0.794400043159256,-0.584316844269138,-0.993767893859362
"69",-0.4928995107556,0.382722658812647,0.407564061714586,-0.698255345561197,1.29465218410066,0.495967185211658,0.964383861273123,-0.33291640592397,0.794400043159256,-0.584316844269138,1.00375551088307
"354",-0.0950760137485529,-0.00849146945067696,-0.0836327142179946,-0.698255345561197,-0.502469396874172,1.45590367271809,-1.03433916727221,-0.33291640592397,-1.2556645843485,-0.584316844269138,1.00375551088307
"11",0.507206232237368,1.46495177553666,1.51275680756289,0.760241459788561,-1.48798768321521,0.175988356042846,-1.03433916727221,-0.33291640592397,0.794400043159256,-0.584316844269138,1.00375551088307
"261",0.644590254240658,0.194264025596096,0.181355020166687,0.760241459788561,0.42507722556445,-0.463969302294776,-1.03433916727221,-0.33291640592397,0.794400043159256,1.70712176070787,-0.993767893859362
"318",0.659486291322799,-0.0102244223997947,-0.0965589451635889,-0.698255345561197,0.888850536783761,0.815946014380469,-1.03433916727221,-0.33291640592397,0.794400043159256,-0.584316844269138,1.00375551088307
"57",0.3371076754613,0.00277272471858818,0.110260749965919,2.9479866678132,1.35262384800307,1.45590367271809,0.964383861273123,-0.33291640592397,0.794400043159256,1.70712176070787,-0.993767893859362
"237",-0.0763211937270381,0.108482854614769,0.0908714035475274,-0.698255345561197,-1.08218603589831,-0.783948131463587,-1.03433916727221,-0.33291640592397,0.794400043159256,1.70712176070787,-0.993767893859362
"112",-0.472243672668365,-0.769691052350633,-0.801038531698474,-0.698255345561197,0.251162233857208,-0.783948131463587,0.964383861273123,-0.33291640592397,-1.2556645843485,-0.584316844269138,-0.993767893859362
"110",-0.898241959813634,-0.638853104692245,-0.490808989004213,1.48948986246344,-1.08218603589831,1.7758825018869,-1.03433916727221,-0.33291640592397,0.794400043159256,1.70712176070787,-0.993767893859362
"132",-0.978680560057195,-1.37232544040632,-1.24699349932148,1.48948986246344,-0.560441060776586,1.7758825018869,-1.03433916727221,-0.33291640592397,0.794400043159256,1.70712176070787,-0.993767893859362
"162",-0.393422356450864,-1.31297180189904,-1.25991973026707,0.0309930571136823,1.4685671758079,0.175988356042846,-1.03433916727221,-0.33291640592397,0.794400043159256,-0.584316844269138,1.00375551088307
"98",-0.54340416981505,-0.583831848557758,-0.574829490150575,0.760241459788561,1.062765528491,1.13592484354928,0.964383861273123,-0.33291640592397,0.794400043159256,-0.584316844269138,-0.993767893859362
"8",0.743074339406585,1.03041382354539,1.01509691615751,-0.698255345561197,1.81639715922238,-1.42390578980121,-1.03433916727221,-0.33291640592397,-1.2556645843485,1.70712176070787,-0.993767893859362
"273",-0.420093356178888,-0.452993900899371,-0.361546679548271,-0.698255345561197,-1.77784600272728,0.495967185211658,0.964383861273123,2.99624765331573,-1.2556645843485,1.70712176070787,-0.993767893859362
"262",3.83495254298372,1.98180499261102,2.00395358349547,0.0309930571136823,0.656963881174105,-1.74388461897002,0.964383861273123,2.99624765331573,0.794400043159256,1.70712176070787,-0.993767893859362
"151",0.53092639795293,0.429945626676105,0.517437024752137,0.0309930571136823,-1.60393101102004,0.175988356042846,0.964383861273123,-0.33291640592397,0.794400043159256,-0.584316844269138,-0.993767893859362
"28",-0.352564654739849,-0.0873408286355329,-0.141800753473169,-0.698255345561197,-0.676384388581414,0.815946014380469,-1.03433916727221,-0.33291640592397,-1.2556645843485,-0.584316844269138,-0.993767893859362
"309",-0.858661061281087,-0.0414175754839135,-0.148263868945966,-0.698255345561197,-1.31407269150797,-2.38384227730764,-1.03433916727221,-0.33291640592397,-1.2556645843485,1.70712176070787,-0.993767893859362
"232",-0.570160289754972,0.0175028247860888,0.149039442802701,0.760241459788561,-1.54595934711762,-0.463969302294776,-1.03433916727221,-0.33291640592397,0.794400043159256,-0.584316844269138,1.00375551088307
"198",0.155489516675043,-0.328654526800175,-0.329231102184285,-0.698255345561197,1.64248216751514,1.13592484354928,0.964383861273123,-0.33291640592397,-1.2556645843485,-0.584316844269138,-0.993767893859362
"133",-0.622395726456347,0.306472729051468,0.336469791513818,0.760241459788561,-0.386526069069344,-0.143990473125965,-1.03433916727221,-0.33291640592397,0.794400043159256,-0.584316844269138,-0.993767893859362
"387",-0.736740544439258,-0.456026568560327,-0.439104065221836,0.760241459788561,0.0772472421499667,-1.1039269606324,-1.03433916727221,-0.33291640592397,-1.2556645843485,-0.584316844269138,-0.993767893859362
"5",0.302548869430733,0.0699246514968996,0.0133140178739621,-0.698255345561197,0.714935545076519,0.815946014380469,-1.03433916727221,-0.33291640592397,0.794400043159256,-0.584316844269138,1.00375551088307
"125",-0.444182376146008,-0.955983494380787,-1.05310003513756,-1.42750374823608,-1.48798768321521,-0.463969302294776,0.964383861273123,-0.33291640592397,0.794400043159256,-0.584316844269138,1.00375551088307
"316",-0.872195174972861,-0.358981203409735,-0.380936025966662,0.0309930571136823,-0.734356052483828,0.815946014380469,-1.03433916727221,-0.33291640592397,0.794400043159256,-0.584316844269138,1.00375551088307
"122",2.91851996828643,1.48228130502784,1.57738796229086,-0.698255345561197,1.58451050361273,-0.143990473125965,-1.03433916727221,-0.33291640592397,0.794400043159256,-0.584316844269138,1.00375551088307
"165",0.895553012319777,0.537821947758682,0.478658331915354,0.760241459788561,-0.676384388581414,-0.463969302294776,-1.03433916727221,-0.33291640592397,0.794400043159256,1.70712176070787,-0.993767893859362
"176",-0.428066282693329,-1.11238249803866,-0.962616418518402,0.0309930571136823,-0.212611077362103,1.13592484354928,-1.03433916727221,-0.33291640592397,-1.2556645843485,-0.584316844269138,1.00375551088307
"397",-0.903831520394932,-0.388874641782015,-0.380936025966662,1.48948986246344,0.541020553369278,1.13592484354928,-1.03433916727221,-0.33291640592397,-1.2556645843485,-0.584316844269138,-0.993767893859362
"303",0.415276403387583,0.0989516133946213,0.065018941656339,-1.42750374823608,-0.560441060776586,-0.143990473125965,0.964383861273123,-0.33291640592397,0.794400043159256,-0.584316844269138,1.00375551088307
"374",0.289213369566721,0.267914525933598,0.181355020166687,-0.698255345561197,-1.08218603589831,0.815946014380469,0.964383861273123,2.99624765331573,0.794400043159256,-0.584316844269138,1.00375551088307
"32",-0.461859006816815,-0.867602893975784,-0.936763956627214,1.48948986246344,-0.734356052483828,0.815946014380469,-1.03433916727221,-0.33291640592397,0.794400043159256,1.70712176070787,-0.993767893859362
"396",-0.939808996623798,-0.275366223614805,-0.309841755765894,0.0309930571136823,-1.37204435541038,-0.143990473125965,-1.03433916727221,-0.33291640592397,0.794400043159256,-0.584316844269138,1.00375551088307
"242",-0.840331842319062,-1.6591291534853,-1.62831731221651,-0.698255345561197,-1.14015769980072,-0.783948131463587,-1.03433916727221,-0.33291640592397,0.794400043159256,-0.584316844269138,-0.993767893859362
"285",-0.865612545252753,-1.16480432474947,-1.21467792195749,-0.698255345561197,0.656963881174105,-2.38384227730764,-1.03433916727221,-0.33291640592397,0.794400043159256,-0.584316844269138,1.00375551088307
"265",-0.488586753352771,0.16090468132558,0.161965673748296,-1.42750374823608,-0.0386960856548611,-1.1039269606324,-1.03433916727221,-0.33291640592397,0.794400043159256,-0.584316844269138,1.00375551088307
"50",-0.0493664599593543,-0.0721774903307529,-0.00607532854442927,0.760241459788561,-0.386526069069344,-0.143990473125965,-1.03433916727221,2.99624765331573,0.794400043159256,-0.584316844269138,-0.993767893859362
"127",-0.533189744387296,0.345464170406616,0.504510793806543,1.48948986246344,-0.32855440516693,0.495967185211658,0.964383861273123,2.99624765331573,0.794400043159256,1.70712176070787,-0.993767893859362
"314",1.33829160780498,1.27779285703195,1.15728545655905,-0.698255345561197,1.12073719239342,1.45590367271809,0.964383861273123,-0.33291640592397,0.794400043159256,1.70712176070787,-0.993767893859362
"35",-0.711289601081772,-0.905294620619094,-1.00785822682798,-0.698255345561197,-1.77784600272728,0.175988356042846,0.964383861273123,-0.33291640592397,0.794400043159256,1.70712176070787,-0.993767893859362
"42",1.94187903037333,1.26652866286268,1.18313791845024,-0.698255345561197,0.598992217271692,0.495967185211658,-1.03433916727221,2.99624765331573,0.794400043159256,-0.584316844269138,-0.993767893859362
"336",-0.593142746967418,-0.57473384557489,-0.548977028259387,-0.698255345561197,-1.89378933053211,-2.06386344813883,0.964383861273123,-0.33291640592397,0.794400043159256,-0.584316844269138,1.00375551088307
"200",-0.987845169538208,-0.249805167615319,-0.290452409347502,0.0309930571136823,-0.734356052483828,-2.06386344813883,-1.03433916727221,-0.33291640592397,0.794400043159256,1.70712176070787,-0.993767893859362
"377",1.20320583152293,1.0533754501212,1.03448626257591,-0.698255345561197,-0.560441060776586,-1.1039269606324,0.964383861273123,-0.33291640592397,-1.2556645843485,-0.584316844269138,-0.993767893859362
"319",-0.745309312436985,-1.40828421410051,-1.46027630992378,0.0309930571136823,1.52653883971031,-0.143990473125965,0.964383861273123,-0.33291640592397,-1.2556645843485,-0.584316844269138,1.00375551088307
"252",-0.475109386468929,-0.664414160691732,-0.568366374677778,1.48948986246344,0.598992217271692,-0.463969302294776,-1.03433916727221,-0.33291640592397,0.794400043159256,-0.584316844269138,1.00375551088307
"169",-0.503596284050776,-0.829911167332473,-0.87859591737204,-1.42750374823608,-1.37204435541038,-0.783948131463587,0.964383861273123,-0.33291640592397,0.794400043159256,1.70712176070787,-0.993767893859362
"196",-0.605371684076757,0.280911673051981,0.278301752258644,-0.698255345561197,1.00479386458859,0.815946014380469,0.964383861273123,-0.33291640592397,0.794400043159256,-0.584316844269138,-0.993767893859362
"136",-0.0211632964171673,-0.535309165982462,-0.632997529405749,0.0309930571136823,1.4685671758079,0.815946014380469,0.964383861273123,-0.33291640592397,-1.2556645843485,-0.584316844269138,-0.993767893859362
"115",-0.815363246828997,-0.610692619269083,-0.561903259204981,0.760241459788561,-0.850299380288655,0.495967185211658,-1.03433916727221,-0.33291640592397,-1.2556645843485,-0.584316844269138,1.00375551088307
"39",-0.948349391217559,-0.36244710930797,-0.355083564075473,0.760241459788561,-1.77784600272728,-1.1039269606324,0.964383861273123,-0.33291640592397,-1.2556645843485,-0.584316844269138,1.00375551088307
"22",-0.223323799674796,0.711550480907733,0.666088680626471,-1.42750374823608,0.946822200686175,1.13592484354928,0.964383861273123,-0.33291640592397,-1.2556645843485,-0.584316844269138,1.00375551088307
"281",0.232154454191129,0.252751187628818,0.142576327329904,0.0309930571136823,-1.19812936370314,-0.463969302294776,0.964383861273123,-0.33291640592397,-1.2556645843485,-0.584316844269138,-0.993767893859362
"7",-0.68728570132655,-0.583831848557758,-0.620071298460155,-0.698255345561197,-1.08218603589831,-0.463969302294776,0.964383861273123,-0.33291640592397,-1.2556645843485,-0.584316844269138,-0.993767893859362
"166",-0.562811578127783,-0.0903734962964889,0.0779451726019332,0.760241459788561,-0.560441060776586,-0.783948131463587,-1.03433916727221,-0.33291640592397,0.794400043159256,-0.584316844269138,1.00375551088307
"177",-0.600633325614438,-0.922190911872992,-0.865669686426445,0.760241459788561,-1.37204435541038,1.45590367271809,-1.03433916727221,-0.33291640592397,0.794400043159256,-0.584316844269138,1.00375551088307
"199",-0.50702946593066,-1.1851665219016,-1.2017516910119,0.760241459788561,-0.270582741264517,0.815946014380469,0.964383861273123,-0.33291640592397,0.794400043159256,-0.584316844269138,-0.993767893859362
"101",-0.682831076903891,-0.433064941984517,-0.639460644878546,-1.42750374823608,-0.850299380288655,-0.783948131463587,-1.03433916727221,-0.33291640592397,-1.2556645843485,-0.584316844269138,1.00375551088307
"347",-0.671538462125429,0.279178720102864,0.42049029266018,1.48948986246344,-0.270582741264517,1.45590367271809,-1.03433916727221,-0.33291640592397,0.794400043159256,1.70712176070787,-0.993767893859362
"134",-0.674262308906164,0.473702688641327,0.46573210096976,0.760241459788561,1.41059551190549,-0.463969302294776,0.964383861273123,-0.33291640592397,0.794400043159256,-0.584316844269138,-0.993767893859362
"328",0.111993088395191,0.834590140295091,0.989244454266326,0.0309930571136823,0.714935545076519,0.175988356042846,0.964383861273123,-0.33291640592397,-1.2556645843485,1.70712176070787,-0.993767893859362
"180",0.3633814475338,1.19721054489797,1.32532645885178,1.48948986246344,0.656963881174105,-0.783948131463587,0.964383861273123,-0.33291640592397,-1.2556645843485,-0.584316844269138,1.00375551088307
"352",0.465355461387543,0.175201543155801,0.123186980911513,-1.42750374823608,0.888850536783761,-1.42390578980121,-1.03433916727221,-0.33291640592397,0.794400043159256,-0.584316844269138,1.00375551088307
"356",3.84354968438541,3.13248575082518,3.08329386745259,-0.698255345561197,0.135218906052381,-1.74388461897002,0.964383861273123,-0.33291640592397,0.794400043159256,-0.584316844269138,-0.993767893859362
"393",-0.546042896383887,-1.05172914481954,-1.02724757324637,-0.698255345561197,-1.83581766662969,-1.1039269606324,-1.03433916727221,-0.33291640592397,-1.2556645843485,1.70712176070787,-0.993767893859362
"102",-0.772973381303819,-0.997574365159612,-1.06602626608316,0.0309930571136823,0.830878872881347,0.815946014380469,0.964383861273123,2.99624765331573,-1.2556645843485,-0.584316844269138,1.00375551088307
"337",-0.350777130289992,0.497530791691696,0.536826371170528,0.760241459788561,0.714935545076519,-0.143990473125965,-1.03433916727221,-0.33291640592397,-1.2556645843485,-0.584316844269138,1.00375551088307
"64",-0.882040746149057,-0.752794761096735,-0.671776222242532,0.760241459788561,1.12073719239342,1.13592484354928,-1.03433916727221,-0.33291640592397,-1.2556645843485,-0.584316844269138,1.00375551088307
"304",-0.0328531388511522,0.101551042818298,-0.0190015594900235,-1.42750374823608,1.35262384800307,-0.783948131463587,-1.03433916727221,-0.33291640592397,0.794400043159256,-0.584316844269138,-0.993767893859362
"202",0.814178089745338,1.12529299750959,1.12496987919507,2.21873826513832,0.656963881174105,0.495967185211658,0.964383861273123,-0.33291640592397,0.794400043159256,-0.584316844269138,1.00375551088307
"147",-0.799105286356489,0.162204396037418,0.103797634493122,0.0309930571136823,-0.0386960856548611,0.495967185211658,0.964383861273123,-0.33291640592397,0.794400043159256,-0.584316844269138,1.00375551088307
"41",-0.291363222385223,-0.610259381031803,-0.658849991296938,0.0309930571136823,-0.096667749557275,0.175988356042846,0.964383861273123,-0.33291640592397,-1.2556645843485,-0.584316844269138,-0.993767893859362
"75",-0.826116766932105,0.283511102475658,0.407564061714586,0.760241459788561,-0.618412724679,-1.1039269606324,0.964383861273123,-0.33291640592397,0.794400043159256,-0.584316844269138,1.00375551088307
"27",-0.0779668511570653,-0.481154386322533,-0.426177834276242,2.21873826513832,-0.676384388581414,-0.463969302294776,0.964383861273123,2.99624765331573,-1.2556645843485,-0.584316844269138,1.00375551088307
"288",0.432130205343377,-0.709470937368792,-0.536050797313793,0.760241459788561,0.772907208978933,-1.74388461897002,-1.03433916727221,-0.33291640592397,0.794400043159256,-0.584316844269138,1.00375551088307
"339",-0.109347835943442,0.245819375832348,0.142576327329904,-1.42750374823608,-0.618412724679,0.175988356042846,-1.03433916727221,-0.33291640592397,-1.2556645843485,-0.584316844269138,1.00375551088307
"322",-0.571465466337407,-0.710337413843351,-0.768722954334489,-0.698255345561197,-1.66190267492245,0.495967185211658,0.964383861273123,-0.33291640592397,0.794400043159256,-0.584316844269138,1.00375551088307
"209",0.173818735637068,-0.177021143752375,-0.225821254619531,0.0309930571136823,-0.560441060776586,0.495967185211658,-1.03433916727221,-0.33291640592397,-1.2556645843485,-0.584316844269138,-0.993767893859362
"92",0.0930396545459142,0.565115956707286,0.653162449680876,0.0309930571136823,-0.502469396874172,0.815946014380469,-1.03433916727221,-0.33291640592397,0.794400043159256,-0.584316844269138,1.00375551088307
"389",-0.208285895572825,0.906074449446197,0.821203451973601,-0.698255345561197,1.41059551190549,-0.143990473125965,0.964383861273123,-0.33291640592397,-1.2556645843485,-0.584316844269138,1.00375551088307
"245",-0.642881324119787,-1.27744626644212,-1.34394023141343,0.760241459788561,0.598992217271692,0.495967185211658,0.964383861273123,-0.33291640592397,-1.2556645843485,-0.584316844269138,1.00375551088307
"330",1.38956234877151,1.23056988916849,1.11204364824947,-0.698255345561197,-0.676384388581414,0.815946014380469,0.964383861273123,-0.33291640592397,0.794400043159256,-0.584316844269138,1.00375551088307
"62",-0.680419337566782,-0.713370081504307,-0.652386875824141,0.0309930571136823,0.193190569954794,-1.1039269606324,0.964383861273123,-0.33291640592397,-1.2556645843485,-0.584316844269138,1.00375551088307
"25",-0.978226585593739,-1.29044341356051,-1.28577219215826,0.0309930571136823,0.0772472421499667,0.495967185211658,0.964383861273123,-0.33291640592397,-1.2556645843485,-0.584316844269138,1.00375551088307
"274",-0.807730801162148,-0.0128238518234712,-0.0125384440172264,2.21873826513832,-0.444497732971758,0.175988356042846,-1.03433916727221,2.99624765331573,-1.2556645843485,1.70712176070787,-0.993767893859362
"338",-0.930786254162616,-1.68122430358655,-1.52490746465175,0.0309930571136823,-1.37204435541038,-0.463969302294776,-1.03433916727221,-0.33291640592397,0.794400043159256,-0.584316844269138,-0.993767893859362
"159",-0.0812014192091873,0.352829220440366,0.330006676041021,-0.698255345561197,1.58451050361273,-0.463969302294776,0.964383861273123,-0.33291640592397,0.794400043159256,1.70712176070787,-0.993767893859362
"225",2.1702849322995,1.33541354259011,1.48044123019891,0.760241459788561,-0.32855440516693,-2.38384227730764,-1.03433916727221,-0.33291640592397,0.794400043159256,-0.584316844269138,1.00375551088307
"191",0.282829353674375,0.26704804945904,0.194281251112281,0.760241459788561,-0.32855440516693,1.13592484354928,0.964383861273123,-0.33291640592397,0.794400043159256,-0.584316844269138,1.00375551088307
"370",0.750848652093264,1.42639357241879,1.57738796229086,0.0309930571136823,0.0772472421499667,0.815946014380469,-1.03433916727221,-0.33291640592397,0.794400043159256,-0.584316844269138,1.00375551088307
"163",0.52746484266908,1.21064093025363,1.03448626257591,-1.42750374823608,0.0192755782475528,-0.463969302294776,-1.03433916727221,-0.33291640592397,0.794400043159256,-0.584316844269138,1.00375551088307
"63",-0.412460910512039,-1.32770190196654,-1.25991973026707,-0.698255345561197,1.23668052019824,-2.06386344813883,0.964383861273123,-0.33291640592397,-1.2556645843485,-0.584316844269138,1.00375551088307
"172",-0.235070388916713,-0.201715723277302,-0.361546679548271,-1.42750374823608,0.42507722556445,-1.42390578980121,0.964383861273123,-0.33291640592397,0.794400043159256,-0.584316844269138,1.00375551088307
"291",-0.534807028413357,-0.650117298861511,-0.561903259204981,1.48948986246344,1.29465218410066,-0.783948131463587,-1.03433916727221,-0.33291640592397,0.794400043159256,1.70712176070787,-0.993767893859362
"118",1.30923724214381,1.89645705986697,1.75189208005639,-1.42750374823608,-0.502469396874172,1.13592484354928,-1.03433916727221,-0.33291640592397,0.794400043159256,1.70712176070787,-0.993767893859362
"14",-0.0436066589542597,0.947232081987742,1.00863380068472,-1.42750374823608,-0.386526069069344,-1.42390578980121,-1.03433916727221,-0.33291640592397,0.794400043159256,-0.584316844269138,1.00375551088307
"81",-0.50646199785134,-0.557404316083713,-0.432640949749039,0.0309930571136823,-0.908271044191069,-1.42390578980121,0.964383861273123,-0.33291640592397,0.794400043159256,-0.584316844269138,1.00375551088307
"364",0.537792761712698,0.602807683350597,0.504510793806543,-1.42750374823608,1.41059551190549,-1.1039269606324,-1.03433916727221,-0.33291640592397,0.794400043159256,-0.584316844269138,1.00375551088307
"143",1.66478436724154,1.16125177120378,1.25423218865101,0.0309930571136823,1.64248216751514,1.13592484354928,-1.03433916727221,-0.33291640592397,-1.2556645843485,1.70712176070787,-0.993767893859362
"247",-0.727235454110654,-0.660515016556217,-0.581292605623372,0.760241459788561,0.193190569954794,0.175988356042846,0.964383861273123,-0.33291640592397,-1.2556645843485,1.70712176070787,-0.993767893859362
"55",-0.847964287985912,-1.4022188787786,-1.40210827066861,-0.698255345561197,-0.502469396874172,-1.42390578980121,0.964383861273123,-0.33291640592397,0.794400043159256,1.70712176070787,-0.993767893859362
"391",2.55074390607936,2.53115107748133,2.53392905226484,0.0309930571136823,1.4685671758079,0.495967185211658,0.964383861273123,-0.33291640592397,0.794400043159256,1.70712176070787,-0.993767893859362
"299",-0.693102249139577,-0.894030426449829,-0.975542649463996,-1.42750374823608,0.830878872881347,1.45590367271809,0.964383861273123,-0.33291640592397,-1.2556645843485,-0.584316844269138,-0.993767893859362
"284",0.133585248813304,0.719348769178763,0.840592798391993,0.0309930571136823,1.12073719239342,1.13592484354928,0.964383861273123,-0.33291640592397,0.794400043159256,-0.584316844269138,1.00375551088307
"390",1.09887682514001,1.02434848822348,0.956928876902341,-0.698255345561197,-0.676384388581414,1.45590367271809,-1.03433916727221,-0.33291640592397,-1.2556645843485,-0.584316844269138,1.00375551088307
"84",-0.737534999750306,-1.43081260243904,-1.50551811823336,0.0309930571136823,-1.0242143719959,0.175988356042846,0.964383861273123,-0.33291640592397,-1.2556645843485,-0.584316844269138,1.00375551088307
"257",-0.547121085734594,-1.28307836352676,-1.421497617087,-0.698255345561197,0.888850536783761,0.175988356042846,0.964383861273123,-0.33291640592397,-1.2556645843485,1.70712176070787,-0.993767893859362
"399",-0.212541906167722,-0.957716447329905,-1.05310003513756,-1.42750374823608,-0.676384388581414,-0.143990473125965,-1.03433916727221,-0.33291640592397,0.794400043159256,-0.584316844269138,1.00375551088307
"369",1.24221926197616,0.443376012031767,0.549752602116123,0.0309930571136823,-1.08218603589831,-2.38384227730764,0.964383861273123,-0.33291640592397,-1.2556645843485,-0.584316844269138,1.00375551088307
"107",-0.805801409692461,-1.47240347321787,-1.55075992654294,-0.698255345561197,1.062765528491,0.495967185211658,-1.03433916727221,-0.33291640592397,0.794400043159256,1.70712176070787,-0.993767893859362
"241",-0.440181726186804,-0.599861663337097,-0.600681952041764,1.48948986246344,0.888850536783761,0.175988356042846,0.964383861273123,-0.33291640592397,0.794400043159256,1.70712176070787,-0.993767893859362
"361",0.236836065845516,0.500563459352652,0.51097390927934,0.760241459788561,1.52653883971031,-1.1039269606324,0.964383861273123,-0.33291640592397,-1.2556645843485,-0.584316844269138,1.00375551088307
"350",0.0952811534592269,0.177367734342198,0.22013371300347,0.0309930571136823,0.888850536783761,-0.143990473125965,0.964383861273123,-0.33291640592397,0.794400043159256,1.70712176070787,-0.993767893859362
"290",-0.975105511157481,-0.358981203409735,-0.380936025966662,-0.698255345561197,-1.48798768321521,-1.42390578980121,-1.03433916727221,-0.33291640592397,-1.2556645843485,-0.584316844269138,1.00375551088307
"298",0.279055690946899,-0.153626278939285,-0.219358139146734,0.0309930571136823,1.062765528491,1.13592484354928,-1.03433916727221,-0.33291640592397,0.794400043159256,1.70712176070787,-0.993767893859362
"212",-0.44409725593411,0.248418805256024,0.271838636785847,0.0309930571136823,-1.77784600272728,0.495967185211658,-1.03433916727221,-0.33291640592397,-1.2556645843485,-0.584316844269138,1.00375551088307
"51",-0.251299975985255,0.193830787358816,0.136113211857107,0.0309930571136823,-0.386526069069344,0.495967185211658,-1.03433916727221,-0.33291640592397,0.794400043159256,-0.584316844269138,-0.993767893859362
"327",2.27728103865522,2.38038417090809,2.36588804997211,0.0309930571136823,1.52653883971031,0.815946014380469,-1.03433916727221,-0.33291640592397,0.794400043159256,-0.584316844269138,1.00375551088307
"240",-0.489920303339172,-0.510614586457535,-0.594218836568967,-1.42750374823608,-1.19812936370314,-0.143990473125965,0.964383861273123,-0.33291640592397,0.794400043159256,1.70712176070787,-0.993767893859362
"189",1.0966353262267,1.26999456876092,1.28654776601499,-0.698255345561197,1.58451050361273,-0.783948131463587,-1.03433916727221,-0.33291640592397,-1.2556645843485,-0.584316844269138,-0.993767893859362
"371",-0.272636775767675,0.606273589248832,0.717793604408848,0.760241459788561,-0.908271044191069,-0.463969302294776,-1.03433916727221,-0.33291640592397,-1.2556645843485,-0.584316844269138,1.00375551088307
"366",1.94508522502149,0.739277728093617,0.866445260283181,0.760241459788561,0.772907208978933,0.495967185211658,-1.03433916727221,2.99624765331573,0.794400043159256,-0.584316844269138,1.00375551088307
"323",-0.510434274406578,-0.542240977778933,-0.471419642585822,2.21873826513832,-0.270582741264517,-0.783948131463587,-1.03433916727221,-0.33291640592397,-1.2556645843485,-0.584316844269138,1.00375551088307
"211",-0.586645237459208,-0.662681207742614,-0.723481146024909,-0.698255345561197,0.367105561662036,-0.463969302294776,0.964383861273123,-0.33291640592397,0.794400043159256,-0.584316844269138,1.00375551088307
"238",0.435818747858955,0.179100687291316,0.213670597530673,1.48948986246344,-1.0242143719959,0.495967185211658,-1.03433916727221,-0.33291640592397,0.794400043159256,1.70712176070787,-0.993767893859362
"154",1.3305172951183,-0.0535482461277375,-0.0707064832724004,0.0309930571136823,-1.37204435541038,1.13592484354928,-1.03433916727221,-0.33291640592397,-1.2556645843485,-0.584316844269138,1.00375551088307
"381",1.98341769377953,1.3102857248279,1.18313791845024,0.0309930571136823,1.58451050361273,0.175988356042846,0.964383861273123,-0.33291640592397,-1.2556645843485,-0.584316844269138,-0.993767893859362
"36",-0.620494708390626,-0.943419585499684,-0.872132801899243,0.0309930571136823,-0.386526069069344,-0.463969302294776,0.964383861273123,2.99624765331573,-1.2556645843485,-0.584316844269138,1.00375551088307
"114",0.681872907051959,0.715016386805969,0.769498528191224,0.760241459788561,-1.48798768321521,-0.463969302294776,0.964383861273123,-0.33291640592397,0.794400043159256,1.70712176070787,-0.993767893859362
"105",-0.833408731751362,0.0140369188878533,0.065018941656339,0.760241459788561,-0.154639413459689,-0.463969302294776,0.964383861273123,-0.33291640592397,-1.2556645843485,-0.584316844269138,1.00375551088307
"308",0.856511208462585,-0.373278065239956,-0.368009795021068,0.0309930571136823,-0.850299380288655,0.175988356042846,0.964383861273123,-0.33291640592397,0.794400043159256,1.70712176070787,-0.993767893859362
"44",-0.235212255936543,0.659128654196922,0.582068179480108,-1.42750374823608,-1.83581766662969,0.175988356042846,0.964383861273123,-0.33291640592397,0.794400043159256,1.70712176070787,-0.993767893859362
"157",-0.380427337434444,-0.19565038795539,-0.109485176109183,1.48948986246344,1.12073719239342,-0.143990473125965,0.964383861273123,-0.33291640592397,0.794400043159256,-0.584316844269138,1.00375551088307
"222",1.51219220071249,1.74352396210733,1.79713388836597,1.48948986246344,1.29465218410066,-0.783948131463587,0.964383861273123,-0.33291640592397,-1.2556645843485,-0.584316844269138,-0.993767893859362
"268",-0.442082744252525,0.475435641590445,0.504510793806543,0.0309930571136823,-1.54595934711762,0.495967185211658,0.964383861273123,-0.33291640592397,0.794400043159256,1.70712176070787,-0.993767893859362
"302",-0.393933077722252,-0.524044971813197,-0.426177834276242,0.0309930571136823,-1.0242143719959,-2.06386344813883,0.964383861273123,-0.33291640592397,-1.2556645843485,-0.584316844269138,1.00375551088307
"208",-0.975389245197141,-0.149293896566491,0.0197771333467592,1.48948986246344,-1.08218603589831,-1.1039269606324,0.964383861273123,2.99624765331573,0.794400043159256,-0.584316844269138,1.00375551088307
"46",0.912520307891435,1.22753722150753,1.35117892074296,0.0309930571136823,-0.32855440516693,-0.463969302294776,0.964383861273123,-0.33291640592397,0.794400043159256,-0.584316844269138,1.00375551088307
"168",-0.448750494184531,-1.04349761831123,-1.14358365175672,-1.42750374823608,-1.08218603589831,0.175988356042846,0.964383861273123,-0.33291640592397,0.794400043159256,-0.584316844269138,1.00375551088307
"58",0.881110949701092,0.018802539497927,0.0779451726019332,0.760241459788561,0.541020553369278,0.175988356042846,0.964383861273123,-0.33291640592397,0.794400043159256,-0.584316844269138,1.00375551088307
"187",-0.248178901548997,-0.402738265374957,-0.296915524820299,-0.698255345561197,-0.212611077362103,-0.143990473125965,-1.03433916727221,-0.33291640592397,-1.2556645843485,-0.584316844269138,-0.993767893859362
"400",-0.752402663428481,0.341565026271101,0.388174715296195,1.48948986246344,0.483048889466864,-2.06386344813883,0.964383861273123,-0.33291640592397,-1.2556645843485,1.70712176070787,-0.993767893859362
"123",0.493218144082138,1.00528600578319,0.814740336500804,-1.42750374823608,1.64248216751514,-0.783948131463587,0.964383861273123,-0.33291640592397,-1.2556645843485,-0.584316844269138,1.00375551088307
"246",-0.303875893534222,-1.18473328366433,-1.07248938155595,1.48948986246344,1.41059551190549,1.45590367271809,0.964383861273123,-0.33291640592397,0.794400043159256,-0.584316844269138,-0.993767893859362
"19",0.123455943597448,0.71414991033141,0.601457525898499,-1.42750374823608,-1.60393101102004,-1.42390578980121,0.964383861273123,-0.33291640592397,0.794400043159256,1.70712176070787,-0.993767893859362
"345",0.0850951014354392,0.200762599155287,0.297691098677035,2.9479866678132,-0.966242708093483,-1.1039269606324,-1.03433916727221,-0.33291640592397,0.794400043159256,1.70712176070787,-0.993767893859362
"280",0.258201239031901,-0.724634275673572,-0.691165568660923,0.0309930571136823,0.193190569954794,-1.74388461897002,0.964383861273123,2.99624765331573,-1.2556645843485,-0.584316844269138,1.00375551088307
"260",-0.328050033713239,0.632701121722877,0.614383756844094,2.21873826513832,-0.0386960856548611,-1.42390578980121,0.964383861273123,-0.33291640592397,-1.2556645843485,-0.584316844269138,1.00375551088307
"126",-0.50053195642245,-0.955117017906228,-1.03371068871917,-1.42750374823608,-1.25610102760555,0.495967185211658,0.964383861273123,-0.33291640592397,0.794400043159256,-0.584316844269138,1.00375551088307
"271",-0.832841263672043,-0.715103034453425,-0.891522148317634,-1.42750374823608,-0.966242708093483,-0.143990473125965,-1.03433916727221,-0.33291640592397,-1.2556645843485,-0.584316844269138,1.00375551088307
"388",-0.814029696842596,-1.46373870847228,-1.47966565634217,0.0309930571136823,0.367105561662036,-1.42390578980121,-1.03433916727221,-0.33291640592397,-1.2556645843485,1.70712176070787,-0.993767893859362
"226",-0.855171132593271,0.406117523625736,0.362322253405006,0.760241459788561,-1.60393101102004,0.495967185211658,0.964383861273123,-0.33291640592397,0.794400043159256,1.70712176070787,-0.993767893859362
"223",-0.334292182585756,0.637466742332951,0.620846872316891,0.760241459788561,-0.676384388581414,-1.42390578980121,-1.03433916727221,2.99624765331573,-1.2556645843485,-0.584316844269138,1.00375551088307
"194",2.41145886601035,2.31886434121441,2.42405608922729,2.9479866678132,-0.966242708093483,1.7758825018869,0.964383861273123,-0.33291640592397,0.794400043159256,-0.584316844269138,1.00375551088307
"263",-0.982596089804501,-0.297461373716056,-0.380936025966662,-1.42750374823608,0.598992217271692,-0.143990473125965,0.964383861273123,-0.33291640592397,0.794400043159256,-0.584316844269138,1.00375551088307
"121",-0.510093793558986,-1.4442429877947,-1.46673942539658,-0.698255345561197,0.656963881174105,0.495967185211658,0.964383861273123,-0.33291640592397,0.794400043159256,1.70712176070787,-0.993767893859362
"139",-0.676560554627408,-1.15354013058021,-1.16297299817511,-0.698255345561197,1.062765528491,-0.783948131463587,0.964383861273123,-0.33291640592397,0.794400043159256,-0.584316844269138,1.00375551088307
"142",1.32382117178232,0.874448058124798,0.827666567446399,-0.698255345561197,-1.31407269150797,-1.1039269606324,-1.03433916727221,-0.33291640592397,0.794400043159256,-0.584316844269138,1.00375551088307
"97",-0.87693353343518,0.280045196577422,0.0779451726019332,-1.42750374823608,0.193190569954794,1.13592484354928,-1.03433916727221,2.99624765331573,-1.2556645843485,1.70712176070787,-0.993767893859362
"310",0.852283571271653,0.985357046868332,0.898760837647167,0.0309930571136823,-1.25610102760555,1.45590367271809,0.964383861273123,-0.33291640592397,0.794400043159256,-0.584316844269138,1.00375551088307
"15",-0.73983324547155,-0.625855957573863,-0.555440143732184,-0.698255345561197,1.12073719239342,-0.143990473125965,0.964383861273123,-0.33291640592397,-1.2556645843485,-0.584316844269138,-0.993767893859362
"86",3.03819898621495,3.17580957455312,3.0574414055614,0.760241459788561,-0.850299380288655,-0.463969302294776,0.964383861273123,-0.33291640592397,0.794400043159256,1.70712176070787,-0.993767893859362
"210",3.02823992142289,1.91508630406999,1.85530192762114,-0.698255345561197,2.04828381483204,-0.783948131463587,0.964383861273123,-0.33291640592397,0.794400043159256,-0.584316844269138,-0.993767893859362
"61",-0.275474116164273,0.200329360918008,0.0585558261835419,-0.698255345561197,-1.19812936370314,2.09586133105571,0.964383861273123,-0.33291640592397,-1.2556645843485,1.70712176070787,-0.993767893859362
"236",-0.98500782914161,-0.785287628892692,-0.794575416225677,0.0309930571136823,-1.77784600272728,1.45590367271809,0.964383861273123,-0.33291640592397,0.794400043159256,-0.584316844269138,-0.993767893859362
"348",3.26328519987709,2.60480157781884,2.57917086057442,-0.698255345561197,0.772907208978933,1.13592484354928,-1.03433916727221,-0.33291640592397,-1.2556645843485,-0.584316844269138,1.00375551088307
"256",0.364431263480542,-0.222944396903994,-0.329231102184285,0.0309930571136823,-0.32855440516693,-1.74388461897002,-1.03433916727221,-0.33291640592397,-1.2556645843485,-0.584316844269138,-0.993767893859362
"326",-0.778960169540641,0.1457413430208,0.0585558261835419,-1.42750374823608,0.598992217271692,-0.463969302294776,0.964383861273123,-0.33291640592397,0.794400043159256,-0.584316844269138,1.00375551088307
"26",-0.883232429115628,-0.178754096701492,-0.187042561782748,1.48948986246344,-1.77784600272728,0.815946014380469,0.964383861273123,-0.33291640592397,0.794400043159256,-0.584316844269138,-0.993767893859362
"2",1.72527646449702,0.827225090261341,0.827666567446399,0.0309930571136823,1.52653883971031,0.495967185211658,0.964383861273123,2.99624765331573,0.794400043159256,1.70712176070787,-0.993767893859362
"45",-0.379008667236145,0.710250766195895,0.737182950827239,0.0309930571136823,-1.77784600272728,0.815946014380469,0.964383861273123,-0.33291640592397,0.794400043159256,-0.584316844269138,1.00375551088307
"190",0.372602803822745,-0.140629131820903,-0.187042561782748,-0.698255345561197,1.70045383141756,0.815946014380469,0.964383861273123,-0.33291640592397,0.794400043159256,-0.584316844269138,1.00375551088307
"179",-0.479592384295555,-0.149293896566491,-0.25167371651072,-0.698255345561197,-1.54595934711762,-1.1039269606324,0.964383861273123,-0.33291640592397,-1.2556645843485,-0.584316844269138,1.00375551088307
"85",-0.0476356823174294,-0.792652678926443,-0.794575416225677,0.760241459788561,0.772907208978933,-0.783948131463587,-1.03433916727221,-0.33291640592397,-1.2556645843485,-0.584316844269138,1.00375551088307
"297",0.586680136746086,0.175201543155801,0.0973345190203246,-1.42750374823608,-0.386526069069344,1.13592484354928,0.964383861273123,-0.33291640592397,0.794400043159256,-0.584316844269138,1.00375551088307
"333",0.485443831395459,0.21332650803639,0.142576327329904,0.0309930571136823,1.58451050361273,0.495967185211658,-1.03433916727221,-0.33291640592397,-1.2556645843485,-0.584316844269138,1.00375551088307
"37",0.487855570732568,0.745776301652808,0.646699334208079,-0.698255345561197,0.888850536783761,-0.783948131463587,0.964383861273123,-0.33291640592397,0.794400043159256,-0.584316844269138,1.00375551088307
"250",-0.642512469868229,-1.37969049044007,-1.42796073255979,0.0309930571136823,-0.734356052483828,-0.143990473125965,0.964383861273123,2.99624765331573,0.794400043159256,-0.584316844269138,1.00375551088307
"349",-0.901873755521279,-1.56035083538559,-1.57014927296133,0.0309930571136823,0.830878872881347,0.175988356042846,-1.03433916727221,-0.33291640592397,0.794400043159256,-0.584316844269138,1.00375551088307
"160",0.229827835065918,-0.751928284622176,-0.775186069807286,0.0309930571136823,-0.154639413459689,-0.143990473125965,-1.03433916727221,-0.33291640592397,-1.2556645843485,1.70712176070787,-0.993767893859362
"315",1.99468193515403,1.9653419395944,1.9457855442403,-0.698255345561197,0.772907208978933,0.175988356042846,-1.03433916727221,-0.33291640592397,-1.2556645843485,-0.584316844269138,-0.993767893859362
"33",2.52415802656324,1.3440783073357,1.34471580527017,-0.698255345561197,-0.444497732971758,-0.143990473125965,0.964383861273123,-0.33291640592397,-1.2556645843485,-0.584316844269138,1.00375551088307
"275",-0.416206199835548,0.491032218132504,0.543289486643325,1.48948986246344,1.4685671758079,-1.42390578980121,0.964383861273123,-0.33291640592397,-1.2556645843485,-0.584316844269138,-0.993767893859362
"287",-0.77127097706586,-1.37925725220279,-1.37625580877742,-0.698255345561197,-0.444497732971758,0.495967185211658,0.964383861273123,-0.33291640592397,-1.2556645843485,-0.584316844269138,1.00375551088307
"197",1.35681944059476,1.15345348293275,1.0474124935215,-1.42750374823608,0.656963881174105,-0.463969302294776,-1.03433916727221,-0.33291640592397,0.794400043159256,-0.584316844269138,-0.993767893859362
"128",0.34000176266583,-0.573867369100331,-0.620071298460155,0.0309930571136823,0.946822200686175,-0.783948131463587,0.964383861273123,-0.33291640592397,-1.2556645843485,-0.584316844269138,1.00375551088307
"217",-0.843906891218776,-0.85503898509468,-0.904448379263228,0.0309930571136823,0.251162233857208,1.45590367271809,-1.03433916727221,-0.33291640592397,-1.2556645843485,1.70712176070787,-0.993767893859362
